service_date,route_short_name,trips_observed,trips_cancelled,trips_reinstated,cancelled_share,weekday
2026-09-20,1,7,0,0,0.0,Sunday
2026-09-20,12,7,0,0,0.0,Sunday
2026-09-20,15,34,0,0,0.0,Sunday
2026-09-20,2,7,0,0,0.0,Sunday
2026-09-20,3,7,0,0,0.0,Sunday
2026-09-20,4,7,0,0,0.0,Sunday
2026-09-20,5,7,0,0,0.0,Sunday
2026-09-20,6,7,0,0,0.0,Sunday
2026-09-20,7,7,0,0,0.0,Sunday
2026-09-20,9,7,0,0,0.0,Sunday
2026-09-21,1,55,0,0,0.0,Monday
2026-09-21,11,18,0,0,0.0,Monday
2026-09-21,12,55,0,0,0.0,Monday
2026-09-21,15,77,0,0,0.0,Monday
2026-09-21,2,55,0,0,0.0,Monday
2026-09-21,3,30,0,0,0.0,Monday
2026-09-21,4,30,0,0,0.0,Monday
2026-09-21,5,30,0,0,0.0,Monday
2026-09-21,6,30,0,0,0.0,Monday
2026-09-21,7,30,0,0,0.0,Monday
2026-09-21,8,64,0,0,0.0,Monday
2026-09-21,9,30,0,0,0.0,Monday
2026-09-22,1,58,0,0,0.0,Tuesday
2026-09-22,11,18,0,0,0.0,Tuesday
2026-09-22,12,58,0,0,0.0,Tuesday
2026-09-22,15,144,0,0,0.0,Tuesday
2026-09-22,2,58,0,0,0.0,Tuesday
2026-09-22,3,30,0,0,0.0,Tuesday
2026-09-22,4,30,0,0,0.0,Tuesday
2026-09-22,5,30,0,0,0.0,Tuesday
2026-09-22,6,30,0,0,0.0,Tuesday
2026-09-22,7,30,0,0,0.0,Tuesday
2026-09-22,8,64,0,0,0.0,Tuesday
2026-09-22,9,30,0,0,0.0,Tuesday
2026-09-23,1,58,0,0,0.0,Wednesday
2026-09-23,11,18,0,0,0.0,Wednesday
2026-09-23,12,58,0,0,0.0,Wednesday
2026-09-23,15,144,0,0,0.0,Wednesday
2026-09-23,2,58,0,0,0.0,Wednesday
2026-09-23,3,30,0,0,0.0,Wednesday
2026-09-23,4,30,0,0,0.0,Wednesday
2026-09-23,5,30,0,0,0.0,Wednesday
2026-09-23,6,30,0,0,0.0,Wednesday
2026-09-23,7,30,0,0,0.0,Wednesday
2026-09-23,8,64,0,0,0.0,Wednesday
2026-09-23,9,30,0,0,0.0,Wednesday
2026-09-24,1,58,0,0,0.0,Thursday
2026-09-24,11,18,0,0,0.0,Thursday
2026-09-24,12,58,0,0,0.0,Thursday
2026-09-24,15,144,14,0,0.097,Thursday
2026-09-24,2,58,0,0,0.0,Thursday
2026-09-24,3,30,0,0,0.0,Thursday
2026-09-24,4,30,0,0,0.0,Thursday
2026-09-24,5,30,0,0,0.0,Thursday
2026-09-24,6,30,0,0,0.0,Thursday
2026-09-24,7,30,0,0,0.0,Thursday
2026-09-24,8,64,0,0,0.0,Thursday
2026-09-24,9,30,0,0,0.0,Thursday
2026-09-25,1,58,0,0,0.0,Friday
2026-09-25,11,18,0,0,0.0,Friday
2026-09-25,12,58,0,0,0.0,Friday
2026-09-25,15,144,14,0,0.097,Friday
2026-09-25,2,58,0,0,0.0,Friday
2026-09-25,3,30,0,0,0.0,Friday
2026-09-25,4,30,0,0,0.0,Friday
2026-09-25,5,30,0,0,0.0,Friday
2026-09-25,6,30,0,0,0.0,Friday
2026-09-25,7,30,0,0,0.0,Friday
2026-09-25,8,64,0,0,0.0,Friday
2026-09-25,9,30,0,0,0.0,Friday
2026-09-26,1,30,0,0,0.0,Saturday
2026-09-26,11,18,0,0,0.0,Saturday
2026-09-26,12,58,0,0,0.0,Saturday
2026-09-26,15,144,16,0,0.111,Saturday
2026-09-26,2,30,0,0,0.0,Saturday
2026-09-26,3,30,0,0,0.0,Saturday
2026-09-26,4,30,0,0,0.0,Saturday
2026-09-26,5,30,0,0,0.0,Saturday
2026-09-26,6,30,0,0,0.0,Saturday
2026-09-26,7,30,0,0,0.0,Saturday
2026-09-26,9,30,0,0,0.0,Saturday
2026-09-27,1,20,0,0,0.0,Sunday
2026-09-27,12,20,0,0,0.0,Sunday
2026-09-27,15,104,0,0,0.0,Sunday
2026-09-27,2,20,0,0,0.0,Sunday
2026-09-27,3,20,0,0,0.0,Sunday
2026-09-27,4,20,0,0,0.0,Sunday
2026-09-27,5,20,0,0,0.0,Sunday
2026-09-27,6,20,0,0,0.0,Sunday
2026-09-27,7,20,0,0,0.0,Sunday
2026-09-27,9,20,0,0,0.0,Sunday
2026-09-28,1,58,0,0,0.0,Monday
2026-09-28,11,18,0,0,0.0,Monday
2026-09-28,12,58,0,0,0.0,Monday
2026-09-28,15,144,0,0,0.0,Monday
2026-09-28,2,58,0,0,0.0,Monday
2026-09-28,3,30,0,0,0.0,Monday
2026-09-28,4,30,0,0,0.0,Monday
2026-09-28,5,30,0,0,0.0,Monday
2026-09-28,6,30,0,0,0.0,Monday
2026-09-28,7,30,0,0,0.0,Monday
2026-09-28,8,64,0,0,0.0,Monday
2026-09-28,9,30,0,0,0.0,Monday
2026-09-29,1,58,0,0,0.0,Tuesday
2026-09-29,11,18,0,0,0.0,Tuesday
2026-09-29,12,58,0,0,0.0,Tuesday
2026-09-29,15,144,14,0,0.097,Tuesday
2026-09-29,2,58,0,0,0.0,Tuesday
2026-09-29,3,30,0,0,0.0,Tuesday
2026-09-29,4,30,0,0,0.0,Tuesday
2026-09-29,5,30,0,0,0.0,Tuesday
2026-09-29,6,30,0,0,0.0,Tuesday
2026-09-29,7,30,0,0,0.0,Tuesday
2026-09-29,8,64,0,0,0.0,Tuesday
2026-09-29,9,30,0,0,0.0,Tuesday
2026-09-30,1,58,0,0,0.0,Wednesday
2026-09-30,11,18,0,0,0.0,Wednesday
2026-09-30,12,58,0,0,0.0,Wednesday
2026-09-30,15,144,16,0,0.111,Wednesday
2026-09-30,2,58,0,0,0.0,Wednesday
2026-09-30,3,30,0,0,0.0,Wednesday
2026-09-30,4,30,0,0,0.0,Wednesday
2026-09-30,5,30,0,0,0.0,Wednesday
2026-09-30,6,30,0,0,0.0,Wednesday
2026-09-30,7,30,0,0,0.0,Wednesday
2026-09-30,8,64,0,0,0.0,Wednesday
2026-09-30,9,30,0,0,0.0,Wednesday
2026-10-01,1,58,0,0,0.0,Thursday
2026-10-01,11,18,0,0,0.0,Thursday
2026-10-01,12,58,0,0,0.0,Thursday
2026-10-01,15,144,14,0,0.097,Thursday
2026-10-01,2,58,0,0,0.0,Thursday
2026-10-01,3,30,0,0,0.0,Thursday
2026-10-01,4,30,0,0,0.0,Thursday
2026-10-01,5,30,0,0,0.0,Thursday
2026-10-01,6,30,0,0,0.0,Thursday
2026-10-01,7,30,0,0,0.0,Thursday
2026-10-01,8,64,0,0,0.0,Thursday
2026-10-01,9,30,0,0,0.0,Thursday
2026-10-02,1,58,0,0,0.0,Friday
2026-10-02,11,18,0,0,0.0,Friday
2026-10-02,12,58,0,0,0.0,Friday
2026-10-02,15,144,14,0,0.097,Friday
2026-10-02,2,58,0,0,0.0,Friday
2026-10-02,3,30,0,0,0.0,Friday
2026-10-02,4,30,0,0,0.0,Friday
2026-10-02,5,30,0,0,0.0,Friday
2026-10-02,6,30,0,0,0.0,Friday
2026-10-02,7,30,0,0,0.0,Friday
2026-10-02,8,64,0,0,0.0,Friday
2026-10-02,9,30,0,0,0.0,Friday
2026-10-03,1,30,0,0,0.0,Saturday
2026-10-03,11,18,0,0,0.0,Saturday
2026-10-03,12,58,0,0,0.0,Saturday
2026-10-03,15,144,3,5,0.021,Saturday
2026-10-03,2,30,0,0,0.0,Saturday
2026-10-03,3,30,0,0,0.0,Saturday
2026-10-03,4,30,0,0,0.0,Saturday
2026-10-03,5,30,0,0,0.0,Saturday
2026-10-03,6,30,0,0,0.0,Saturday
2026-10-03,7,30,0,0,0.0,Saturday
2026-10-03,9,30,0,0,0.0,Saturday
2026-10-04,1,20,0,0,0.0,Sunday
2026-10-04,12,20,0,0,0.0,Sunday
2026-10-04,15,104,0,0,0.0,Sunday
2026-10-04,2,20,0,0,0.0,Sunday
2026-10-04,3,20,0,0,0.0,Sunday
2026-10-04,4,20,0,0,0.0,Sunday
2026-10-04,5,20,0,0,0.0,Sunday
2026-10-04,6,20,0,0,0.0,Sunday
2026-10-04,7,20,0,0,0.0,Sunday
2026-10-04,9,20,0,0,0.0,Sunday
2026-10-05,1,37,0,0,0.0,Monday
2026-10-05,11,13,0,0,0.0,Monday
2026-10-05,12,37,0,0,0.0,Monday
2026-10-05,15,76,0,0,0.0,Monday
2026-10-05,2,37,0,0,0.0,Monday
2026-10-05,3,19,0,0,0.0,Monday
2026-10-05,4,19,0,0,0.0,Monday
2026-10-05,5,20,0,0,0.0,Monday
2026-10-05,6,19,0,0,0.0,Monday
2026-10-05,7,19,0,0,0.0,Monday
2026-10-05,8,34,0,0,0.0,Monday
2026-10-05,9,19,0,0,0.0,Monday
