u,checks,listed,raw_share,p_delay_over_u
-10,10,10,1.0,1.0
-9,20,20,1.0,1.0
-8,21,21,1.0,1.0
-7,12,12,1.0,1.0
-6,16,16,1.0,1.0
-5,14,14,1.0,1.0
-4,8,8,1.0,1.0
-3,9,9,1.0,1.0
-2,14,13,0.9286,0.9286
-1,12,11,0.9167,0.9167
0,17,15,0.8824,0.8824
1,9,6,0.6667,0.6667
2,21,12,0.5714,0.5714
3,17,9,0.5294,0.5294
4,19,7,0.3684,0.3684
5,23,7,0.3043,0.3043
6,15,3,0.2,0.2
7,18,0,0.0,0.0909
8,22,2,0.0909,0.0909
9,16,2,0.125,0.0909
10,26,2,0.0769,0.0909
11,17,3,0.1765,0.0909
12,22,1,0.0455,0.05
13,14,0,0.0,0.05
14,24,2,0.0833,0.05
15,20,0,0.0,0.0
16,10,0,0.0,0.0
17,25,0,0.0,0.0
18,21,0,0.0,0.0
19,21,0,0.0,0.0
20,20,0,0.0,0.0
21,20,0,0.0,0.0
22,21,0,0.0,0.0
23,15,0,0.0,0.0
24,20,0,0.0,0.0
25,11,0,0.0,0.0
26,8,0,0.0,0.0
27,5,0,0.0,0.0
28,13,0,0.0,0.0
29,10,0,0.0,0.0
30,7,0,0.0,0.0
