route_short_name,rt_trip_id,direction_id,headsign,scheduled_time,days_observed,days_cancelled,median_notice_minutes,first_cancelled,last_cancelled,cancelled_weekdays,cancel_rate
15,Full-SaFull-Sa_15_3423007_2577091_0955,1,Williamsburg TC,09:55,2,2,-5.6,2026-09-26,2026-10-03,Sat,1.0
15,Full-WeekdayFW_15_3423007_2577091_0955,1,Williamsburg TC,09:55,10,6,-5.7,2026-09-24,2026-10-02,"Tue,Wed,Thu,Fri",0.6
15,Full-SaFull-Sa_15_3423007_2577091_1725,1,Williamsburg TC,17:25,2,2,-2.65,2026-09-26,2026-10-03,Sat,1.0
15,Full-SaFull-Sa_15_2577091_3423007_1737,0,Market House,17:37,2,2,6.35,2026-09-26,2026-10-03,Sat,1.0
15,Full-WeekdayFW_15_3423007_2577091_1755,1,Williamsburg TC,17:55,10,6,-5.6,2026-09-24,2026-10-02,"Tue,Wed,Thu,Fri",0.6
15,Full-WeekdayFW_15_2577091_3423007_1807,0,Market House,18:07,9,6,6.4,2026-09-24,2026-10-02,"Tue,Wed,Thu,Fri",0.67
15,Full-WeekdayFW_15_3423007_2577091_1825,1,Williamsburg TC,18:25,9,6,24.4,2026-09-24,2026-10-02,"Tue,Wed,Thu,Fri",0.67
15,Full-WeekdayFW_15_2577091_3423007_1837,0,Market House,18:37,9,6,36.4,2026-09-24,2026-10-02,"Tue,Wed,Thu,Fri",0.67
15,Full-WeekdayFW_15_3423007_2577091_1855,1,Williamsburg TC,18:55,9,6,57.4,2026-09-24,2026-10-02,"Tue,Wed,Thu,Fri",0.67
15,Full-WeekdayFW_15_2577091_3423007_1907,0,Market House,19:07,10,6,66.4,2026-09-24,2026-10-02,"Tue,Wed,Thu,Fri",0.6
15,Full-WeekdayFW_15_3423007_2577091_1925,1,Williamsburg TC,19:25,10,6,90.4,2026-09-24,2026-10-02,"Tue,Wed,Thu,Fri",0.6
15,Full-WeekdayFW_15_2577091_3423007_1937,0,Market House,19:37,10,6,81.4,2026-09-24,2026-10-02,"Tue,Wed,Thu,Fri",0.6
15,Full-WeekdayFW_15_3423007_2577091_1955,1,Williamsburg TC,19:55,10,6,87.45,2026-09-24,2026-10-02,"Tue,Wed,Thu,Fri",0.6
15,Full-WeekdayFW_15_2577091_3423007_2007,0,Market House,20:07,10,6,81.4,2026-09-24,2026-10-02,"Tue,Wed,Thu,Fri",0.6
15,Full-WeekdayFW_15_3423007_2577091_2025,1,Williamsburg TC,20:25,10,6,84.4,2026-09-24,2026-10-02,"Tue,Wed,Thu,Fri",0.6
15,Full-WeekdayFW_15_2577091_3423007_2037,0,Market House,20:37,10,6,81.45,2026-09-24,2026-10-02,"Tue,Wed,Thu,Fri",0.6
15,Full-WeekdayFW_15_3423007_3423000_2055,1,Williamsburg TC,20:55,10,6,84.4,2026-09-24,2026-10-02,"Tue,Wed,Thu,Fri",0.6
